sofifaId,anioEsperado,birthDate,error
"183898","1988","1988-02-14",""
"207439","1994","1994-06-29",""
"232665","1995","1995-09-30",""
"215270","1992","1992-06-20",""
"192366","1988","1988-02-12",""
"214997","1995","1995-03-09",""
"245055","1999","1999-05-13",""
"245371","2001","2001-04-26",""
"182494","1986","1986-06-16",""
"235467","1995","1995-06-25",""
"228819","1997","1997-05-08",""
"231340","1997","1997-01-01",""
"232244","1997","1997-02-25",""
"233959","1996","1996-05-19",""
"253242","1992","1992-07-07",""
"225289","1996","1996-02-08",""
"226671","1992","1992-07-22",""
"221125","1996","1996-02-09",""
"224334","1991","1991-10-28",""
"228708","1996","1996-05-10",""
"262240","2000","2000-04-11",""
"229541","1995","1995-03-29",""
"240663","1996","1996-02-24",""
"257185","1999","1999-02-19",""
"266844","1998","1998-12-19",""
"272723","2004","2004-03-10",""
"215334","1991","1991-05-25",""
"261015","2001","2001-03-28",""
"188988","1993","1993-02-15",""
"222418","1993","1993-04-17",""
"238230","2000","2000-05-24",""
"273843","1995","1995-06-16",""
"223097","1996","1996-08-15",""
"72745","2003","2003-11-01",""
"220883","1995","1995-09-15",""
"246258","2001","2001-03-29",""
"201095","1988","1988-03-16",""
"246690","1996","1996-07-26",""
"199669","1992","1992-02-26",""
"253287","1997","1997-08-11",""
"251132","1992","1992-08-20",""
"232645","1997","1997-04-09",""
"242342","1998","1998-05-28",""
"213597","1994","1994-01-30",""
"259273","1995","1995-06-20",""
"221053","1994","1994-06-09",""
"215069","1991","1991-03-08",""
"219174","1993","1993-10-24",""
"219522","1993","1993-02-13",""
"254695","2001","2001-04-28",""
"70441","2004","2004-03-31",""
"242569","2000","2000-02-26",""
"248231","2000","2000-09-07",""
"244205","1997","1997-12-01",""
"207471","1989","1989-02-22",""
"178562","1988","1988-06-29",""
"226797","1987","1987-07-24",""
"222511","1995","1995-03-09",""
"268621","1998","1998-01-19",""
"236441","1996","1996-04-28",""
"242249","2000","2000-03-26",""
"72006","2005","2005-06-16",""
"219576","1991","1991-07-12",""
"258746","1997","1997-05-17",""
"261097","1999","1999-07-12",""
"215330","1994","1994-08-13",""
"242426","1998","1998-01-01",""
"267602","2001","2001-03-29",""
"269934","2000","2000-04-29",""
"237576","1995","1995-05-24",""
"247131","1992","1992-01-05",""
"260233","2002","2002-01-30",""
"269867","1998","1998-05-21",""
"256524","2001","2001-08-20",""
"221551","1996","1996-02-10",""
"233029","1991","1991-02-16",""
"235008","1997","1997-03-18",""
"255925","2000","2000-11-22",""
"190972","1990","1990-07-13",""
"214766","1988","1988-11-03",""
"261262","1998","1998-05-29",""
"248207","1995","1995-01-16",""
"215086","1995","1995-03-11",""
"223105","1994","1994-04-01",""
"75117","2002","2002-11-12",""
"253249","1996","1996-07-05",""
"215259","1993","1993-02-04",""
"224854","1994","1994-07-16",""
"240640","1991","1991-04-11",""
"253271","1996","1996-07-31",""
"214777","1992","1992-06-06",""
"256502","2000","2000-08-02",""
"253354","1987","1987-03-30",""
"226604","1996","1996-09-22",""
"267626","2002","2002-03-04",""
"207715","1993","1993-10-01",""
"264365","1997","1997-06-15",""
"243759","1992","1992-04-08",""
"227900","1996","1996-01-05",""
"259788","2000","2000-05-18",""
"279168","2004","2004-10-04",""
"220295","1989","1989-11-04",""
"242971","2000","2000-07-20",""
"75343","2004","2004-12-14",""
"143121","1985","1985-06-19",""
"228179","1994","1994-10-18",""
"263690","1999","1999-04-17",""
"268558","2003","2003-04-28",""
"215998","1990","1990-01-12",""
"201862","1990","1990-03-20",""
"236507","1998","1998-03-30",""
"211263","1993","1993-09-27",""
"214302","1993","1993-12-23",""
"204259","1992","1992-01-13",""
"215057","1990","1990-06-03",""
"216700","1992","1992-12-15",""
"228415","1995","1995-04-28",""
"228520","1994","1994-02-06",""
"256407","1998","1998-06-11",""
"223249","1987","1987-09-13",""
"273711","1998","1998-01-19",""
"214933","1989","1989-06-25",""
"211269","1991","1991-10-11",""
"246335","2000","2000-03-09",""
"247467","2001","2001-09-30",""
"256441","2002","2002-11-05",""
"263518","2001","2001-01-16",""
"215051","1989","1989-09-01",""
"244950","1994","1994-02-28",""
"241569","1998","1998-01-21",""
"243476","1998","1998-08-21",""
"213581","1991","1991-01-06",""
"220334","1992","1992-07-04",""
"216020","1991","1991-05-31",""
"226377","1993","1993-06-13",""
"232729","1991","1991-04-09",""
"254585","1999","1999-02-04",""
"214990","1992","1992-08-19",""
"215054","1988","1988-11-19",""
"237512","1997","1997-09-20",""
"246610","1998","1998-10-09",""
"234458","1988","1988-02-11",""
"76469","2001","2001-03-14",""
"237994","1998","1998-05-07",""
"251030","2000","2000-02-18",""
"256287","2002","2002-08-28",""
"260593","2000","2000-01-07",""
"242287","1999","1999-03-19",""
"247802","1994","1994-09-20",""
"83580","2007","2007-05-09",""
"219841","1994","1994-04-03",""
"252238","2002","2002-07-27",""
"274947","2002","2002-07-18",""
"248053","1998","1998-05-05",""
"258090","1999","1999-04-08",""
"271512","2003","2003-01-06",""
"253278","1998","1998-04-29",""
"230975","1996","1996-09-09",""
"235926","1998","1998-03-10",""
"252036","1999","1999-03-20",""
"74857","2004","2004-06-16",""
"244884","2000","2000-03-11",""
"262865","2001","2001-03-01",""
"259259","1997","1997-09-06",""
"272939","2004","2004-04-02",""
"236472","1997","1997-05-30",""
"253238","1996","1996-07-20",""
"222428","1996","1996-08-13",""
"238332","1996","1996-01-16",""
"242482","1997","1997-02-01",""
"232765","1995","1995-04-12",""
"258137","1993","1993-04-09",""
"232832","1996","1996-03-22",""
"233780","1997","1997-09-02",""
"246770","1997","1997-03-29",""
"259690","1999","1999-05-14",""
"215135","1987","1987-05-29",""
"247143","1994","1994-11-20",""
"72302","2003","2003-02-20",""
"235004","1991","1991-03-12",""
"251686","2001","2001-01-02",""
"251138","1990","1990-01-31",""
"254048","1997","1997-04-09",""
"263204","1996","1996-01-15",""
"266171","1997","1997-07-28",""
"229015","1995","1995-07-21",""
"226798","1993","1993-02-20",""
"186695","1990","1990-10-08",""
"273764","1998","1998-06-26",""
"229842","1996","1996-04-14",""
"85397","2007","2007-02-26",""
"246236","1997","1997-05-20",""
"220332","1992","1992-07-04",""
"241607","1998","1998-05-27",""
"231360","1996","1996-04-25",""
"221219","1994","1994-06-03",""
"233777","1997","1997-01-25",""
"246336","2001","2001-05-09",""
"247368","2000","2000-10-10",""
"255333","1999","1999-03-03",""
"272602","2005","2005-03-05",""
"253951","1998","1998-05-13",""
"259977","1997","1997-11-15",""
"220156","1994","1994-01-19",""
"223061","1994","1994-05-26",""
"231507","1993","1993-10-20",""
"271501","2000","2000-01-25",""
"225858","1996","1996-09-15",""
"236432","1997","1997-07-28",""
"251339","1998","1998-06-20",""
"215178","1993","1993-08-16",""
"76717","2001","2001-04-26",""
"269740","1999","1999-03-19",""
"278743","2002","2002-07-15",""
"223501","1995","1995-07-13",""
"273768","1998","1998-04-12",""
"214989","1994","1994-06-17",""
"222022","1994","1994-01-28",""
"243810","2000","2000-01-14",""
"271344","2000","2000-09-18",""
"224065","1995","1995-04-22",""
"227274","1995","1995-02-22",""
"258817","2002","2002-02-04",""
"258180","2000","2000-03-14",""
"238331","1996","1996-09-14",""
"226772","1990","1990-07-04",""
"279934","2007","2007-01-01",""
"278430","2005","2005-02-01",""
"258846","2001","2001-05-19",""
"263502","2001","2001-02-19",""
"260030","1998","1998-03-26",""
"266310","1998","1998-03-04",""
"214384","1993","1993-01-20",""
"230964","1993","1993-03-13",""
"252239","2000","2000-06-03",""
"235684","1993","1993-08-18",""
"266867","1998","1998-11-23",""
"272946","1997","1997-12-16",""
"215250","1987","1987-04-07",""
"258455","1992","1992-09-30",""
"70703","1997","1997-11-14",""
"79782","2001","2001-01-02",""
"219525","1992","1992-01-17",""
"225282","1995","1995-07-09",""
"261161","1996","1996-08-12",""
"268619","2002","2002-09-21",""
"75073","2005","2005-12-07",""
"259016","2004","2004-02-27",""
"276829","2002","2002-01-29",""
"275343","2003","2003-07-09",""
"240956","1998","1998-06-09",""
"255605","1993","1993-08-17",""
"270215","2002","2002-06-12",""
"74853","2006","2006-04-18",""
"262566","1999","1999-01-02",""
"273012","1995","1995-11-06",""
"238320","1999","1999-03-12",""
"264323","2001","2001-04-05",""
"268431","2001","2001-04-21",""
"272911","2002","2002-07-25",""
"274858","2003","2003-03-01",""
"76997","1997","1997-12-04",""
"219451","1993","1993-04-28",""
"273767","2000","2000-11-09",""
"243477","2000","2000-05-02",""
"247776","2000","2000-07-15",""
"226616","1992","1992-06-25",""
"231479","1997","1997-02-04",""
"241833","1997","1997-06-03",""
"69957","1994","1994-08-21",""
"76718","2001","2001-06-23",""
"82139","2004","2004-05-06",""
"224511","1994","1994-05-09",""
"254361","1995","1995-01-19",""
"266161","1999","1999-01-27",""
"71546","2002","2002-06-28",""
"272490","1998","1998-08-24",""
"232437","1994","1994-12-01",""
"184144","1988","1988-02-23",""
"205633","1989","1989-04-09",""
"220624","1995","1995-03-12",""
"231247","1996","1996-12-15",""
"236670","1997","1997-01-29",""
"257338","1996","1996-06-07",""
"245061","2000","2000-01-08",""
"253246","1996","1996-01-03",""
"253384","1999","1999-06-17",""
"268508","1997","1997-11-18",""
"70690","2003","2003-04-12",""
"256145","2000","2000-05-22",""
"258082","2000","2000-12-13",""
"259883","1999","1999-01-17",""
"263504","2001","2001-10-30",""
"253908","1999","1999-04-26",""
"258289","2002","2002-02-14",""
"76488","2001","2001-11-03",""
"233372","1995","1995-07-04",""
"235987","1997","1997-02-28",""
"241025","1996","1996-01-11",""
"242002","1995","1995-03-23",""
"242019","1996","1996-06-10",""
"252192","2001","2001-10-09",""
"274736","1998","1998-04-25",""
"153060","1984","1984-10-03",""
"215123","1990","1990-08-23",""
"238298","1997","1997-08-21",""
"254714","1994","1994-11-02",""
"271933","2003","2003-03-04",""
"279831","2004","2004-01-09",""
"278432","2001","2001-02-14",""
"70157","1993","1993-01-17",""
"227477","1996","1996-03-21",""
"227740","1995","1995-05-16",""
"259962","1996","1996-06-12",""
"79246","2007","2007-02-02",""
"199667","1991","1991-03-05",""
"215353","1992","1992-10-08",""
"81809","2006","2006-09-22",""
"76705","2001","2001-03-02",""
"214977","1993","1993-05-21",""
"260140","1996","1996-04-25",""
"70437","2000","2000-11-28",""
"73252","2005","2005-08-16",""
"222373","1995","1995-04-26",""
"214226","1994","1994-06-08",""
"237122","1996","1996-03-13",""
"255873","2001","2001-01-04",""
"215147","1993","1993-11-13",""
"222587","1995","1995-02-21",""
"228730","1997","1997-08-29",""
"235675","1996","1996-09-10",""
"236803","1996","1996-09-05",""
"76995","1998","1998-01-12",""
"77372","2007","2007-06-29",""
"215213","1996","1996-02-28",""
"228959","1994","1994-06-16",""
"238127","1996","1996-09-06",""
"214968","1989","1989-03-26",""
"242250","2001","2001-04-23",""
"272839","1999","1999-03-06",""
"231258","1997","1997-03-18",""
"232817","1996","1996-06-30",""
"257985","1999","1999-12-21",""
"259361","1998","1998-11-20",""
"267931","2002","2002-11-29",""
"219536","1995","1995-12-21",""
"255373","2001","2001-05-07",""
"259786","1998","1998-03-24",""
"258574","1996","1996-10-06",""
"207440","1993","1993-02-06",""
"269619","1995","1995-04-10",""
"244757","2000","2000-01-17",""
"276817","2002","2002-05-18",""
"76991","2004","2004-01-02",""
"269599","2004","2004-06-02",""
"214462","1996","1996-04-21",""
"222378","1995","1995-03-17",""
"247400","1998","1998-07-19",""
"253953","2001","2001-06-27",""
"255144","2001","2001-04-04",""
"264733","1999","1999-06-11",""
"240457","1997","1997-04-22",""
"240743","1995","1995-04-26",""
"76720","2004","2004-02-25",""
"215993","1990","1990-10-16",""
"234108","1999","1999-03-18",""
"235989","1996","1996-02-29",""
"255319","1995","1995-03-15",""
"267481","1998","1998-09-23",""
"272857","1997","1997-08-23",""
"275336","2004","2004-03-25",""
"214940","1992","1992-01-04",""
"236608","1997","1997-10-19",""
"78081","2005","2005-04-05",""
"226170","1995","1995-05-16",""
"239491","1996","1996-02-10",""
"245249","1999","1999-01-31",""
"253289","1996","1996-08-02",""
"70679","2006","2006-11-11",""
"85147","2008","2008-03-22",""
"279165","2006","2006-01-14",""
"178566","1987","1987-01-29",""
"83581","2007","2007-02-06",""
"243684","2000","2000-11-29",""
"261171","2003","2003-06-12",""
"262150","2000","2000-01-07",""
"74393","2001","2001-05-20",""
"269889","1997","1997-04-19",""
"235980","1999","1999-07-29",""
"260562","2003","2003-01-22",""
"76070","2006","2006-10-23",""
"221952","1997","1997-05-20",""
"253718","1997","1997-02-01",""
"267625","2002","2002-05-09",""
"71087","1999","1999-01-20",""
"75308","2003","2003-01-06",""
"165560","1986","1986-10-26",""
"267866","2004","2004-01-30",""
"241927","1997","1997-04-28",""
"241696","1997","1997-01-07",""
"261614","2003","2003-05-14",""
"265478","2002","2002-09-30",""
"70203","2001","2001-03-19",""
"247150","1999","1999-04-28",""
"271919","2001","2001-09-19",""
"223066","1991","1991-03-21",""
"224049","1995","1995-09-13",""
"235991","1999","1999-04-11",""
"240964","1996","1996-03-06",""
"273905","2003","2003-05-05",""
"219452","1995","1995-03-22",""
"243572","1997","1997-03-03",""
"252193","2000","2000-03-21",""
"261352","1998","1998-12-12",""
"279816","2002","2002-04-18",""
"208054","1991","1991-03-12",""
"264507","2001","2001-08-03",""
"234107","1997","1997-11-05",""
"266673","2003","2003-12-03",""
"274401","2001","2001-08-28",""
"245079","1995","1995-12-18",""
"253012","1999","1999-12-16",""
"269554","1997","1997-01-02",""
"276822","2006","2006-02-09",""
"279932","2003","2003-05-03",""
"212214","1992","1992-01-03",""
"215193","1992","1992-07-11",""
"273079","2003","2003-02-11",""
"273560","2001","2001-02-13",""
"273964","2000","2000-10-31",""
"73887","2000","2000-02-18",""
"76861","2001","2001-08-31",""
"77051","1999","1999-02-06",""
"261160","1992","1992-09-17",""
"267621","2001","2001-06-08",""
"274122","1999","1999-01-24",""
"274521","2003","2003-03-04",""
"70670","2003","2003-04-04",""
"214772","1991","1991-01-02",""
"243977","1991","1991-09-16",""
"269132","2000","2000-04-19",""
"229536","1996","1996-02-28",""
"242691","1998","1998-01-26",""
"263434","1999","1999-02-27",""
"213433","1989","1989-10-18",""
"220148","1994","1994-09-12",""
"224104","1990","1990-01-31",""
"224817","1993","1993-05-23",""
"231212","1995","1995-03-25",""
"241120","1999","1999-11-04",""
"224403","1994","1994-03-16",""
"215065","1992","1992-07-25",""
"246108","2000","2000-03-22",""
"261537","1993","1993-06-11",""
"74839","2004","2004-02-13",""
"77863","2005","2005-10-12",""
"80114","2005","2005-09-25",""
"273709","2003","2003-01-31",""
"79821","2008","2008-03-14",""
"245437","1999","1999-02-26",""
"263501","2001","2001-04-26",""
"74781","2003","2003-09-29",""
"76917","1997","1997-02-01",""
"215202","1994","1994-08-16",""
"264578","1992","1992-08-10",""
"275438","2004","2004-07-25",""
"238093","1998","1998-02-19",""
"261691","2002","2002-02-22",""
"74824","2006","2006-10-24",""
"252240","1998","1998-08-03",""
"258051","2000","2000-08-02",""
"254951","2000","2000-10-09",""
"261779","2001","2001-10-26",""
"272489","2002","2002-05-28",""
"278470","2001","2001-09-22",""
"78078","2007","2007-03-21",""
"70897","2004","2004-06-28",""
"77021","2003","2003-11-23",""
"239936","1999","1999-01-09",""
"269739","2000","2000-09-01",""
"241931","1997","1997-09-13",""
"232646","1997","1997-03-13",""
"253135","1999","1999-03-13",""
"255256","1999","1999-03-18",""
"76905","2000","2000-09-30",""
"279776","2002","2002-06-30",""
"215132","1990","1990-08-26",""
"247774","2000","2000-04-14",""
"252706","2000","2000-07-08",""
"253907","1998","1998-02-08",""
"258700","2002","2002-01-10",""
"268620","2001","2001-03-18",""
"269501","2001","2001-02-09",""
"276831","2003","2003-03-09",""
"227591","1992","1992-02-03",""
"245439","1997","1997-06-30",""
"270456","1998","1998-10-11",""
"71217","2004","2004-02-05",""
"242306","1994","1994-01-19",""
"261155","1999","1999-06-12",""
"267392","2000","2000-03-15",""
"273051","2005","2005-10-17",""
"228211","1996","1996-09-21",""
"231070","1993","1993-02-01",""
"275100","2004","2004-01-11",""
"77029","1999","1999-09-02",""
"276107","2005","2005-03-30",""
"279845","2003","2003-03-13",""
"76483","1996","1996-08-22",""
"235966","1998","1998-08-16",""
"247366","1997","1997-10-18",""
"215026","1990","1990-04-25",""
"228375","1995","1995-10-26",""
"263503","2001","2001-08-04",""
"279820","1999","1999-12-27",""
"226765","1987","1987-06-24",""
"241929","1999","1999-02-15",""
"253241","1997","1997-05-24",""
"266825","1990","1990-09-16",""
"272945","1998","1998-03-03",""
"70842","1999","1999-06-21",""
"246546","2000","2000-03-10",""
"254756","2000","2000-02-03",""
"270075","2000","2000-06-26",""
"83436","1998","1998-11-01",""
"232515","1993","1993-02-19",""
"261438","2000","2000-06-07",""
"271524","2003","2003-04-15",""
"233775","1996","1996-03-01",""
"242485","1994","1994-08-02",""
"272861","1998","1998-05-22",""
"71815","2004","2004-02-06",""
"75214","2003","2003-03-11",""
"76821","2006","2006-03-10",""
"73683","2006","2006-02-03",""
"76064","2005","2005-06-22",""
"240811","1997","1997-11-06",""
"257676","2003","2003-04-15",""
"263474","1999","1999-05-25",""
"273081","2000","2000-01-13",""
"274145","2001","2001-03-08",""
"77725","2005","2005-06-23",""
"254228","1999","1999-03-22",""
"267900","2003","2003-08-12",""
"270454","1999","1999-08-20",""
"271767","2003","2003-01-14",""
"71333","2003","2003-05-06",""
"71959","1999","1999-10-16",""
"75347","2004","2004-01-02",""
"227602","1993","1993-01-23",""
"256159","2000","2000-08-05",""
"260135","2002","2002-03-04",""
"269088","2004","2004-10-01",""
"257152","2003","2003-01-08",""
"72382","2004","2004-11-19",""
"74772","2004","2004-11-12",""
"230984","1993","1993-02-26",""
"259971","1999","1999-08-11",""
"261019","1987","1987-07-06",""
"222417","1994","1994-03-10",""
"244869","1991","1991-08-29",""
"261016","1996","1996-01-07",""
"70291","2003","2003-04-16",""
"220147","1994","1994-08-07",""
"227549","1992","1992-07-27",""
"278460","2003","2003-02-19",""
"276819","2004","2004-07-27",""
"234466","1998","1998-08-23",""
"239197","1997","1997-09-23",""
"267410","2001","2001-07-02",""
"214158","1992","1992-06-25",""
"220429","1991","1991-04-06",""
"70712","2003","2003-01-12",""
"85329","1999","1999-11-05",""
"244851","1997","1997-12-31",""
"255451","1992","1992-02-10",""
"70168","2002","2002-09-03",""
"257407","1997","1997-09-02",""
"278427","2002","2002-04-06",""
"70053","1997","1997-02-06",""
"273766","1993","1993-11-15",""
"226411","1995","1995-04-24",""
"226547","1995","1995-11-11",""
"266838","1998","1998-05-11",""
"78080","2004","2004-05-17",""
"265822","2003","2003-01-22",""
"261441","2002","2002-12-28",""
"268732","2004","2004-02-09",""
"271832","2002","2002-07-25",""
"80127","2006","2006-02-05",""
"81743","2006","2006-01-24",""
"87843","2008","2008-11-17",""
"87870","2006","2006-05-20",""
"242073","2001","2001-01-28",""
"255197","1994","1994-09-11",""
"70680","2004","2004-06-17",""
"267483","1997","1997-04-28",""
"70943","2003","2003-01-22",""
"74100","2002","2002-08-22",""
"74792","2007","2007-07-15",""
"75960","1999","1999-02-26",""
"241020","1997","1997-02-09",""
"237993","1997","1997-02-06",""
"243804","1997","1997-07-04",""
"83422","2008","2008-03-15",""
"258104","2003","2003-05-19",""
"234464","1994","1994-07-07",""
"273986","2001","2001-09-14",""
"214660","1993","1993-09-27",""
"270397","2003","2003-06-13",""
"80098","2006","2006-11-25",""
"279170","2003","2003-01-17",""
"266341","1997","1997-09-30",""
"77972","2005","2005-07-26",""
"278452","2002","2002-09-25",""
"267795","2003","2003-03-08",""
"223099","1989","1989-12-01",""
"261351","1998","1998-04-05",""
"274408","2004","2004-06-04",""
"278745","2003","2003-05-10",""
"251979","1996","1996-09-17",""
"76716","1996","1996-09-17",""
"269690","2001","2001-08-23",""
"237159","1998","1998-01-06",""
"215168","1992","1992-11-24",""
"236429","1997","1997-04-08",""
"232799","1996","1996-04-09",""
"241024","1996","1996-09-09",""
"77007","1992","1992-03-06",""
"77010","1997","1997-01-06",""
"258844","1993","1993-09-08",""
"259271","1998","1998-04-25",""
"270487","2003","2003-05-18",""
"75653","2005","2005-06-05",""
"70698","2004","2004-10-21",""
"74814","2006","2006-06-20",""
"76883","2000","2000-11-15",""
"261177","2003","2003-12-31",""
"79248","2005","2005-01-28",""
"70572","2004","2004-06-14",""
"247037","1998","1998-05-05",""
"271596","2001","2001-10-27",""
"78015","2005","2005-11-22",""
"274196","2001","2001-03-12",""
"70681","2003","2003-02-21",""
"77724","2005","2005-01-21",""
"267573","1994","1994-01-25",""
"78169","2005","2005-01-21",""
"79389","2006","2006-05-20",""
"240955","1999","1999-02-26",""
"264792","2002","2002-09-06",""
"73359","2000","2000-08-18",""
"74856","2006","2006-01-02",""
"272949","2002","2002-02-25",""
"71908","2005","2005-01-30",""
"257153","2003","2003-05-21",""
"75258","2005","2005-03-30",""
"76732","2004","2004-10-08",""
"80119","2009","2009-01-21",""
"277947","2005","2005-11-23",""
"75309","2002","2002-11-21",""
"74842","2005","2005-01-31",""
"77028","2004","2004-03-23",""
"77375","1999","1999-10-29",""
"83082","2000","2000-03-10",""
"278469","2001","2001-09-07",""
"72005","2002","2002-03-12",""
"276708","2004","2004-02-24",""
"76072","2005","2005-03-11",""
"272313","2000","2000-09-18",""
"261349","2001","2001-04-06",""
"70043","1999","1999-03-04",""
"246115","2000","2000-01-26",""
"259209","1999","1999-08-03",""
"263689","2001","2001-01-02",""
"271895","2000","2000-10-05",""
"87427","2000","2000-09-21",""
"219175","1994","1994-10-11",""
"275882","2000","2000-11-04",""
"83366","2001","2001-03-19",""
"83458","2007","2007-04-10",""
"87932","2006","2006-07-11",""
"70137","2004","2004-01-27",""
"273092","2002","2002-11-07",""
"88750","2006","2006-09-14",""
"84092","2008","2008-01-26",""
"84601","2004","2004-10-04",""
"71457","2003","2003-07-03",""
"70194","2003","2003-08-08",""
"70687","2004","2004-02-16",""
"75709","2005","2005-01-25",""
"225714","1994","1994-06-11",""
"258337","2000","2000-05-30",""
"265444","2003","2003-07-02",""
"70136","2001","2001-05-11",""
"266343","1994","1994-07-01",""
"71078","2004","2004-08-11",""
"82314","2006","2006-02-05",""
"211262","1990","1990-08-29",""
"83300","2004","2004-07-10",""
"77014","2003","2003-03-03",""
"70676","2004","2004-12-21",""
"277836","2001","2001-06-30",""
"74777","2004","2004-02-03",""
"83385","2007","2007-03-25",""
"271931","1996","1996-06-29",""
"279166","2006","2006-01-01",""
"263418","2002","2002-02-24",""
"271855","2000","2000-07-27",""
"83435","1992","1992-02-15",""
"245095","1997","1997-07-27",""
"255352","2000","2000-03-05",""
"77005","1999","1999-10-16",""
"77006","1999","1999-04-24",""
"80225","1996","1996-04-06",""
"82884","1999","1999-04-30",""
"258048","2000","2000-04-04",""
"77024","2004","2004-06-23",""
"81619","2006","2006-04-03",""
"71491","2005","2005-06-16",""
"70699","2005","2005-10-18",""
"81808","2006","2006-03-18",""
"278464","2004","2004-08-09",""
"79234","2008","2008-10-24",""
"83462","2009","2009-07-17",""
"81897","2006","2006-09-22",""
"273538","1997","1997-06-11",""
"275429","2003","2003-07-30",""
"278737","2005","2005-05-30",""
"275257","2001","2001-05-05",""
"85552","2004","2004-11-11",""
"242917","2001","2001-01-17",""
"78321","2005","2005-03-14",""
"70688","2005","2005-12-10",""
"83314","2005","2005-02-05",""
"264147","2003","2003-03-29",""
"83329","2008","2008-09-21",""
"72703","2004","2004-08-02",""
"75729","2007","2007-01-19",""
"74783","2004","2004-10-31",""
"74855","2004","2004-06-16",""
"83624","2004","2004-10-23",""
"273976","2004","2004-06-22",""
"77016","2005","2005-05-20",""
"71404","2003","2003-05-30",""
"87566","2001","2001-05-22",""
"83438","1998","1998-09-28",""
"88308","2004","2004-03-04",""
"70214","1993","1993-11-15",""
"83317","1996","1996-02-17",""
"85141","2005","2005-03-20",""
"87140","2005","2005-05-24",""
"89750","2006","2006-10-22",""
"87953","2008","2008-04-27",""
"89888","2005","2005-05-12",""
"80123","2007","2007-05-08",""
"87518","2009","2009-02-14",""
"263756","2002","2002-02-15",""
"70944","2003","2003-12-30",""
"82214","2004","2004-06-07",""
"231264","1996","1996-04-05",""
"71655","2006","2006-04-27",""
"83453","2008","2008-08-21",""
"276102","1999","1999-10-15",""
"80492","2005","2005-07-15",""
"87924","2006","2006-03-18",""
"83349","1997","1997-06-19",""
"88190","2004","2004-04-24",""
"77271","2004","2004-05-29",""
"87926","2006","2006-02-01",""
"277250","2005","2005-07-29",""
"83587","2005","2005-01-30",""
"76480","2006","2006-03-15",""
"276104","2003","2003-03-04",""
"278418","2004","2004-01-07",""
"87964","2007","2007-02-11",""
"276604","2006","2006-04-11",""
"74847","2005","2005-02-20",""
"76999","2000","2000-04-27",""
"279172","2005","2005-01-13",""
"268954","2000","2000-03-06",""
"279171","2005","2005-05-28",""
"88062","2004","2004-12-10",""
"254760","1998","1998-01-19",""
"279196","2005","2005-01-02",""
"88083","2005","2005-08-30",""
"78324","2006","2006-01-29",""
"87519","2009","2009-08-03",""
"87520","2008","2008-02-02",""
"74818","2005","2005-08-05",""
"88864","2006","2006-01-21",""
"89219","2007","2007-02-03",""
"71813","2004","2004-09-18",""
"80108","2008","2008-08-07",""
"70443","2003","2003-10-18",""
"269500","2005","2005-01-06",""
"75793","2004","2004-04-28",""
"82213","2007","2007-07-03",""
"84516","2006","2006-01-13",""
"85560","2007","2007-07-21",""
"83589","2002","2002-09-17",""
"75649","2005","2005-01-02",""
"83450","2008","2008-05-26",""
"74797","2004","2004-04-28",""
"83429","2008","2008-01-19",""
"80086","2005","2005-08-06",""
"75651","2003","2003-07-17",""
"74790","2003","2003-03-15",""
"274978","2000","2000-08-26",""
"83312","2005","2005-03-22",""
"88347","2004","2004-10-16",""
"276605","2006","2006-04-27",""
"81912","2006","2006-08-28",""
"87957","2006","2006-03-17",""
"277888","2004","2004-03-05",""
"74776","2004","2004-06-16",""
"70898","2003","2003-04-14",""
"87577","2005","2005-05-19",""
"227905","1997","1997-06-22",""
"233440","1997","1997-07-02",""
"277948","2003","2003-09-02",""
"87565","2004","2004-10-20",""
"71462","2002","2002-06-12",""
"88082","2006","2006-04-01",""
"82963","2006","2006-02-17",""
"84322","2008","2008-02-08",""
"87952","2007","2007-03-14",""
"83796","2009","2009-01-12",""
"84518","2007","2007-02-03",""
"70431","2004","2004-08-05",""
"72465","2006","2006-01-10",""
"74911","2006","2006-01-27",""
"80110","2006","2006-08-16",""
"74836","2006","2006-01-30",""
"75191","2007","2007-03-26",""
"85150","2006","2006-09-10",""
"87955","2008","2008-02-09",""
"276496","2003","2003-07-03",""
"245094","2000","2000-04-04",""
"75710","2005","2005-06-06",""
"85151","2005","2005-08-22",""
"87959","2006","2006-12-19",""
"87960","2006","2006-12-30",""
"74782","2006","2006-01-31",""
"74843","2005","2005-02-22",""
"74800","2004","2004-01-07",""
"76844","2003","2003-01-03",""
"261585","2003","2003-10-14",""
"70708","2002","2002-01-06",""
"84592","2003","2003-01-14",""
"70813","2005","2005-05-09",""
"85245","2006","2006-01-13",""
"82216","2006","2006-10-11",""
"87517","2007","2007-03-15",""
"88091","2007","2007-02-28",""
"88858","2008","2008-02-18",""
"82135","2006","2006-04-11",""
"75189","2005","2005-01-30",""
"77578","2007","2007-01-20",""
"87950","2006","2006-03-17",""
"83577","2006","2006-10-13",""
"87928","2008","2008-01-05",""
"75718","2006","2006-01-13",""
"83457","2009","2009-03-23",""
"87909","2009","2009-07-11",""
"84510","2007","2007-03-08",""
"87925","2005","2005-01-05",""
"81618","2006","2006-01-14",""
"83313","2006","2006-08-09",""
"87947","2007","2007-06-27",""
"80714","2005","2005-02-25",""
"278440","2004","2004-05-10",""
"73843","2006","2006-08-09",""
"76074","2005","2005-01-14",""
"75583","2005","2005-06-14",""
"83461","2008","2008-01-16",""
"78267","2008","2008-06-28",""
"77347","2005","2005-01-04",""
"71453","2004","2004-09-13",""
"85302","2006","2006-06-03",""
"88061","2006","2006-04-25",""
"80519","2007","2007-07-07",""
"84323","2008","2008-05-23",""
"87521","2008","2008-03-13",""
"84596","2006","2006-02-03",""
"78383","2006","2006-04-03",""
"83350","2005","2005-03-16",""
"77859","2004","2004-07-12",""
"87892","2007","2007-01-05",""
"80093","2003","2003-10-09",""
"82212","2004","2004-01-08",""
"83593","2005","2005-06-01",""
"83278","2006","2006-01-01",""
"71320","2007","2007-04-01",""
"82130","2007","2007-05-31",""
"88250","2007","2007-12-01",""
"89264","2008","2008-02-28",""
"74812","2006","2006-02-22",""
"77550","2006","2006-02-08",""
"78076","2005","2005-08-07",""
"85300","2006","2006-01-06",""
"81530","2005","2005-04-09",""
"87574","2006","2006-01-19",""
"78185","2005","2005-10-24",""
"82262","2004","2004-09-30",""
"78382","2004","2004-04-30",""
"83441","1994","1994-11-14",""
"83358","2003","2003-02-13",""
"71811","2004","2004-01-02",""
"88244","2008","2008-02-15",""
"87578","2006","2006-07-11",""
"278463","2002","2002-10-03",""
"83440","1999","1999-09-16",""
"83444","2002","2002-09-09",""
"77862","2006","2006-01-22",""
"88243","2009","2009-03-05",""
"77001","2006","2006-02-01",""
"83793","2007","2007-02-12",""
"87579","2007","2007-01-29",""
"83787","2008","2008-05-20",""
"74810","2007","2007-03-18",""
"84590","2007","2007-06-18",""
"81747","2007","2007-10-29",""
"87573","2006","2006-09-11",""
"246868","1999","1999-11-20",""
"83442","1997","1997-07-09",""
"83443","1998","1998-09-01",""
"81695","2005","2005-03-16",""
"77965","2006","2006-02-08",""
"78171","2006","2006-01-02",""